,date,series 1,series 2,series 3
0,01/1/1967,46.3,46.7,35.2
1,02/1/1967,45.9,46.5,33.7
2,03/1/1967,45.6,46.3,32.2
3,04/1/1967,45.2,46.0,30.8
4,05/1/1967,45.0,45.7,31.0
5,06/1/1967,44.2,45.5,31.0
6,07/1/1967,44.2,45.4,31.1
7,08/1/1967,43.9,45.3,30.4
8,09/1/1967,43.7,45.1,30.2
9,10/1/1967,43.4,45.0,29.7
10,11/1/1967,43.0,44.8,29.6
11,12/1/1967,42.7,44.6,29.4
12,01/1/1968,42.5,44.6,29.3
13,02/1/1968,42.4,44.4,29.3
14,03/1/1968,42.2,44.4,29.1
15,04/1/1968,42.1,44.3,29.0
16,05/1/1968,41.9,44.3,28.4
17,06/1/1968,41.8,44.1,28.0
18,07/1/1968,41.7,44.0,27.8
19,08/1/1968,41.6,43.9,28.0
20,09/1/1968,41.5,43.8,27.8
21,10/1/1968,41.4,43.6,28.1
22,11/1/1968,41.4,43.6,28.1
23,12/1/1968,41.2,43.5,28.3
24,01/1/1969,41.1,43.3,28.5
25,02/1/1969,41.0,43.2,28.4
26,03/1/1969,40.9,43.1,28.7
27,04/1/1969,40.8,43.0,28.6
28,05/1/1969,40.7,43.0,28.4
29,06/1/1969,40.6,42.9,27.3
30,07/1/1969,40.5,42.8,27.7
31,08/1/1969,40.3,42.6,27.5
32,09/1/1969,40.1,42.4,27.5
33,10/1/1969,40.0,42.2,27.9
34,11/1/1969,39.9,42.2,28.2
35,12/1/1969,39.9,42.1,28.5
36,01/1/1970,39.8,42.0,28.4
37,02/1/1970,39.6,41.8,28.2
38,03/1/1970,39.4,41.5,28.1
39,04/1/1970,39.2,41.3,27.7
40,05/1/1970,39.0,41.1,27.5
41,06/1/1970,38.9,40.9,28.0
42,07/1/1970,38.8,40.8,27.8
43,08/1/1970,38.6,40.5,28.1
44,09/1/1970,38.5,40.4,28.3
45,10/1/1970,38.3,40.1,27.2
46,11/1/1970,38.1,39.8,27.8
47,12/1/1970,37.9,39.6,27.6
48,01/1/1971,37.7,39.4,27.7
49,02/1/1971,37.5,39.2,27.5
50,03/1/1971,37.3,39.1,27.8
51,04/1/1971,37.1,38.9,27.7
52,05/1/1971,36.9,38.7,27.8
53,06/1/1971,36.8,38.5,27.8
54,07/1/1971,36.6,38.3,28.0
55,08/1/1971,36.4,38.1,27.8
56,09/1/1971,36.3,38.1,27.9
57,10/1/1971,36.1,37.8,27.7
58,11/1/1971,35.8,37.6,27.2
59,12/1/1971,35.7,37.3,27.1
60,01/1/1972,35.6,37.2,26.9
61,02/1/1972,35.4,37.1,27.1
62,03/1/1972,35.3,36.9,26.9
63,04/1/1972,35.1,36.7,26.9
64,05/1/1972,35.0,36.5,27.0
65,06/1/1972,34.9,36.4,26.8
66,07/1/1972,34.7,36.2,26.7
67,08/1/1972,34.5,36.0,26.6
68,09/1/1972,34.4,35.9,26.5
69,10/1/1972,34.3,35.8,26.8
70,11/1/1972,34.2,35.7,26.9
71,12/1/1972,34.1,35.5,26.8
72,01/1/1973,34.0,35.4,26.4
73,02/1/1973,33.9,35.2,26.8
74,03/1/1973,33.7,35.1,26.4
75,04/1/1973,33.6,35.0,26.7
76,05/1/1973,33.5,34.9,26.4
77,06/1/1973,33.4,34.7,26.4
78,07/1/1973,33.3,34.6,26.4
79,08/1/1973,33.1,34.5,26.4
80,09/1/1973,33.1,34.4,26.4
81,10/1/1973,33.0,34.3,26.1
82,11/1/1973,33.0,34.2,26.2
83,12/1/1973,32.9,34.2,26.3
84,01/1/1974,101.4,101.8,98.7
85,02/1/1974,101.1,101.5,99.6
86,03/1/1974,100.8,101.0,100.7
87,04/1/1974,100.4,100.5,101.3
88,05/1/1974,100.1,100.1,102.1
89,06/1/1974,99.8,99.8,101.4
90,07/1/1974,99.4,99.2,101.1
91,08/1/1974,99.2,98.9,100.5
92,09/1/1974,98.8,98.6,98.3
93,10/1/1974,98.1,98.2,94.2
94,11/1/1974,98.0,98.0,95.8
95,12/1/1974,97.9,97.6,99.1
96,01/1/1975,97.7,97.2,100.3
97,02/1/1975,98.0,97.3,102.9
98,03/1/1975,98.1,97.5,103.2
99,04/1/1975,97.7,97.2,103.3
100,05/1/1975,97.7,97.1,104.1
101,06/1/1975,97.5,96.7,104.3
102,07/1/1975,97.0,96.1,102.8
103,08/1/1975,95.9,95.4,97.8
104,09/1/1975,95.0,94.7,97.2
105,10/1/1975,94.7,93.9,103.6
106,11/1/1975,94.7,93.8,106.1
107,12/1/1975,94.4,93.3,108.2
108,01/1/1976,94.1,93.0,108.6
109,02/1/1976,93.8,92.5,109.0
110,03/1/1976,93.4,92.1,108.4
111,04/1/1976,93.1,91.8,107.7
112,05/1/1976,92.2,90.7,107.2
113,06/1/1976,91.5,89.8,107.2
114,07/1/1976,90.5,88.6,107.8
115,08/1/1976,89.7,87.8,109.0
116,09/1/1976,89.1,87.0,110.6
117,10/1/1976,88.6,86.4,113.0
118,11/1/1976,88.0,85.9,110.1
119,12/1/1976,87.2,85.4,103.6
120,01/1/1977,86.4,84.9,99.3
121,02/1/1977,85.6,83.9,98.8
122,03/1/1977,84.7,83.0,98.6
123,04/1/1977,83.9,82.1,97.8
124,05/1/1977,83.2,81.3,97.8
125,06/1/1977,82.6,80.8,97.9
126,07/1/1977,82.5,81.0,98.2
127,08/1/1977,81.7,80.1,98.7
128,09/1/1977,80.9,79.5,98.7
129,10/1/1977,80.1,78.6,99.7
130,11/1/1977,79.0,77.5,94.3
131,12/1/1977,78.0,76.7,89.8
132,01/1/1978,76.9,75.7,83.9
133,02/1/1978,76.0,74.8,81.8
134,03/1/1978,75.2,74.0,80.4
135,04/1/1978,74.4,73.3,78.8
136,05/1/1978,73.7,72.7,76.0
137,06/1/1978,73.0,71.9,72.7
138,07/1/1978,72.2,71.3,69.1
139,08/1/1978,71.4,70.8,65.3
140,09/1/1978,70.6,70.3,62.2
141,10/1/1978,69.9,69.8,59.1
142,11/1/1978,69.2,69.2,56.4
143,12/1/1978,68.5,68.5,56.0
144,01/1/1979,67.9,68.0,55.4
145,02/1/1979,67.5,67.6,54.4
146,03/1/1979,67.1,67.2,53.5
147,04/1/1979,66.5,66.7,52.6
148,05/1/1979,65.9,66.1,51.8
149,06/1/1979,65.5,65.6,51.1
150,07/1/1979,65.0,65.2,50.7
151,08/1/1979,64.5,64.7,50.5
152,09/1/1979,63.9,64.3,50.5
153,10/1/1979,63.4,63.8,50.8
154,11/1/1979,63.0,63.4,50.6
155,12/1/1979,62.7,63.1,50.9
156,01/1/1980,62.3,62.7,50.9
157,02/1/1980,62.0,62.3,50.5
158,03/1/1980,61.6,62.0,50.1
159,04/1/1980,61.3,61.8,49.6
160,05/1/1980,61.1,61.5,49.4
161,06/1/1980,60.8,61.2,49.4
162,07/1/1980,60.5,61.0,49.8
163,08/1/1980,60.2,60.6,50.1
164,09/1/1980,60.0,60.3,49.7
165,10/1/1980,59.6,60.0,49.7
166,11/1/1980,59.3,59.7,49.2
167,12/1/1980,58.7,59.3,48.5
168,01/1/1981,58.4,58.9,48.3
169,02/1/1981,58.1,58.7,48.2
170,03/1/1981,57.9,58.5,47.8
171,04/1/1981,57.6,58.2,47.2
172,05/1/1981,57.3,57.9,46.9
173,06/1/1981,57.0,57.6,46.8
174,07/1/1981,56.7,57.2,46.7
175,08/1/1981,56.4,57.0,46.1
176,09/1/1981,56.1,56.7,45.8
177,10/1/1981,56.0,56.5,46.3
178,11/1/1981,55.9,56.2,46.8
179,12/1/1981,55.8,55.9,47.1
180,01/1/1982,55.6,55.5,47.2
181,02/1/1982,55.3,55.2,47.4
182,03/1/1982,54.9,54.8,47.4
183,04/1/1982,54.6,54.5,47.0
184,05/1/1982,54.2,54.2,46.6
185,06/1/1982,54.0,54.0,46.1
186,07/1/1982,53.5,53.8,44.5
187,08/1/1982,53.1,53.5,43.5
188,09/1/1982,53.0,53.3,43.0
189,10/1/1982,52.8,53.0,43.0
190,11/1/1982,52.6,52.8,42.8
191,12/1/1982,52.3,52.3,42.8
192,01/1/1983,51.9,52.0,42.5
193,02/1/1983,51.5,51.6,42.4
194,03/1/1983,51.0,51.2,42.6
195,04/1/1983,50.6,50.7,43.3
196,05/1/1983,49.9,50.2,43.5
197,06/1/1983,49.3,49.5,43.7
198,07/1/1983,49.0,49.0,43.7
199,08/1/1983,48.6,48.5,43.6
200,09/1/1983,48.1,47.9,42.8
201,10/1/1983,47.8,47.6,42.2
202,11/1/1983,47.3,47.2,39.3
203,12/1/1983,46.8,46.9,37.2
204,01/1/1984,146.3,154.3,95.8
205,02/1/1984,146.0,153.9,97.3
206,03/1/1984,145.6,153.4,98.7
207,04/1/1984,145.0,152.9,93.9
208,05/1/1984,144.8,152.8,95.0
209,06/1/1984,144.5,152.3,95.2
210,07/1/1984,144.3,152.1,96.5
211,08/1/1984,144.2,151.8,97.9
212,09/1/1984,143.8,151.4,99.9
213,10/1/1984,143.3,150.8,100.7
214,11/1/1984,143.1,150.6,101.5
215,12/1/1984,142.8,150.1,101.5
216,01/1/1985,142.3,149.6,101.7
217,02/1/1985,142.1,149.2,101.3
218,03/1/1985,141.7,148.8,100.8
219,04/1/1985,141.1,148.1,99.6
220,05/1/1985,140.8,147.9,99.7
221,06/1/1985,140.5,147.6,100.3
222,07/1/1985,140.1,147.1,99.8
223,08/1/1985,139.7,146.8,97.5
224,09/1/1985,139.4,146.3,96.6
225,10/1/1985,139.1,145.9,96.8
226,11/1/1985,138.6,145.4,96.5
227,12/1/1985,138.3,145.1,97.0
228,01/1/1986,138.2,144.7,98.8
229,02/1/1986,137.8,144.2,97.7
230,03/1/1986,137.2,143.7,96.8
231,04/1/1986,137.0,143.4,97.6
232,05/1/1986,136.6,142.9,97.5
233,06/1/1986,136.2,142.3,96.5
234,07/1/1986,136.0,141.8,98.2
235,08/1/1986,135.6,141.3,99.2
236,09/1/1986,135.1,140.9,97.7
237,10/1/1986,134.8,140.5,97.8
238,11/1/1986,134.8,140.2,102.5
239,12/1/1986,134.7,139.5,110.9
240,01/1/1987,134.2,138.6,117.6
241,02/1/1987,133.7,138.0,117.2
242,03/1/1987,133.4,137.6,116.9
243,04/1/1987,132.5,137.1,109.3
244,05/1/1987,131.6,136.6,100.9
245,06/1/1987,130.5,135.8,93.1
246,07/1/1987,129.9,135.1,92.6
247,08/1/1987,129.1,134.4,91.7
248,09/1/1987,128.9,134.0,92.8
249,10/1/1987,128.6,133.5,92.3
250,11/1/1987,128.0,132.7,93.0
251,12/1/1987,127.5,132.1,92.9
252,01/1/1988,126.3,131.6,86.0
253,02/1/1988,125.9,131.1,86.1
254,03/1/1988,125.4,130.6,87.8
255,04/1/1988,124.8,129.9,87.0
256,05/1/1988,124.5,129.5,89.1
257,06/1/1988,124.5,129.2,93.2
258,07/1/1988,124.1,128.8,94.0
259,08/1/1988,123.7,128.3,95.8
260,09/1/1988,123.1,127.8,93.9
261,10/1/1988,122.2,127.4,84.3
262,11/1/1988,121.6,126.9,82.6
263,12/1/1988,121.2,126.5,81.1
264,01/1/1989,120.7,126.0,80.4
265,02/1/1989,120.3,125.6,80.7
266,03/1/1989,119.9,125.2,80.7
267,04/1/1989,119.5,124.7,81.5
268,05/1/1989,119.0,124.0,82.6
269,06/1/1989,118.5,123.6,81.1
270,07/1/1989,118.0,123.2,80.0
271,08/1/1989,117.5,122.7,80.2
272,09/1/1989,117.2,122.3,80.4
273,10/1/1989,116.5,121.7,79.9
274,11/1/1989,116.2,121.2,80.7
275,12/1/1989,116.0,120.9,81.1
276,01/1/1990,115.6,120.4,81.9
277,02/1/1990,115.4,120.1,82.6
278,03/1/1990,115.0,119.8,82.5
279,04/1/1990,114.7,119.2,82.5
280,05/1/1990,114.3,118.7,83.1
281,06/1/1990,113.8,118.3,81.0
282,07/1/1990,113.5,117.9,79.4
283,08/1/1990,113.0,117.7,77.7
284,09/1/1990,112.7,117.3,79.2
285,10/1/1990,112.2,116.6,78.5
286,11/1/1990,111.8,116.2,78.4
287,12/1/1990,111.4,115.9,74.1
288,01/1/1991,110.8,115.6,69.0
289,02/1/1991,110.4,115.3,68.4
290,03/1/1991,110.2,115.0,69.1
291,04/1/1991,110.0,114.6,70.7
292,05/1/1991,109.6,114.2,68.9
293,06/1/1991,109.5,113.8,72.9
294,07/1/1991,109.4,113.4,77.9
295,08/1/1991,109.0,113.1,75.4
296,09/1/1991,108.7,112.9,74.1
297,10/1/1991,109.1,112.5,83.4
298,11/1/1991,109.7,112.2,95.6
299,12/1/1991,109.9,111.9,100.1
300,01/1/1992,109.5,111.4,99.5
301,02/1/1992,109.0,111.1,98.8
302,03/1/1992,108.5,110.5,98.1
303,04/1/1992,108.1,110.0,98.2
304,05/1/1992,107.9,109.8,98.5
305,06/1/1992,107.7,109.4,100.0
306,07/1/1992,107.5,109.1,99.7
307,08/1/1992,107.2,108.8,99.3
308,09/1/1992,107.0,108.4,99.7
309,10/1/1992,106.8,108.1,98.1
310,11/1/1992,106.3,107.7,96.6
311,12/1/1992,105.7,107.1,96.3
312,01/1/1993,105.5,106.8,95.9
313,02/1/1993,105.3,106.4,96.9
314,03/1/1993,105.1,106.2,97.3
315,04/1/1993,104.7,105.8,95.9
316,05/1/1993,104.4,105.4,95.1
317,06/1/1993,104.1,105.0,96.3
318,07/1/1993,103.7,104.5,98.2
319,08/1/1993,103.5,104.1,99.4
320,09/1/1993,103.3,103.7,99.8
321,10/1/1993,102.9,103.2,100.2
322,11/1/1993,102.6,102.8,99.4
323,12/1/1993,102.1,102.5,99.0
324,01/1/1994,185.5,194.2,139.5
325,02/1/1994,185.0,194.0,136.2
326,03/1/1994,184.9,194.0,136.9
327,04/1/1994,185.1,193.7,146.5
328,05/1/1994,184.5,193.6,136.7
329,06/1/1994,183.7,193.4,125.1
330,07/1/1994,183.1,193.0,119.8
331,08/1/1994,182.9,192.9,119.0
332,09/1/1994,183.2,192.5,133.6
333,10/1/1994,183.9,192.5,147.3
334,11/1/1994,183.6,192.5,148.6
335,12/1/1994,182.6,192.4,137.1
336,01/1/1995,181.8,192.1,124.7
337,02/1/1995,181.5,191.9,125.1
338,03/1/1995,181.2,191.5,125.9
339,04/1/1995,180.8,191.3,120.6
340,05/1/1995,180.5,191.1,119.7
341,06/1/1995,180.0,190.5,118.5
342,07/1/1995,179.6,190.2,116.8
343,08/1/1995,179.5,190.0,116.5
344,09/1/1995,179.3,189.7,115.8
345,10/1/1995,178.5,189.2,107.8
346,11/1/1995,178.0,189.1,99.7
347,12/1/1995,177.7,188.7,100.5
348,01/1/1996,177.4,188.4,99.2
349,02/1/1996,177.5,188.1,104.1
350,03/1/1996,177.6,187.4,117.0
351,04/1/1996,178.1,187.1,130.9
352,05/1/1996,177.4,186.7,120.3
353,06/1/1996,177.4,186.4,123.0
354,07/1/1996,177.7,186.0,137.1
355,08/1/1996,177.3,185.3,140.1
356,09/1/1996,176.4,185.1,128.1
357,10/1/1996,176.1,184.7,125.6
358,11/1/1996,176.0,184.4,129.2
359,12/1/1996,175.6,183.9,130.6
360,01/1/1997,174.6,183.3,130.5
361,02/1/1997,174.2,183.1,131.8
362,03/1/1997,173.9,182.6,132.6
363,04/1/1997,173.6,182.3,134.2
364,05/1/1997,172.7,181.9,126.3
365,06/1/1997,172.7,181.5,133.7
366,07/1/1997,172.2,181.1,135.2
367,08/1/1997,171.2,180.7,123.6
368,09/1/1997,170.9,180.3,125.6
369,10/1/1997,171.0,180.0,133.2
370,11/1/1997,170.0,179.4,119.8
371,12/1/1997,169.3,179.3,115.9
372,01/1/1998,168.8,178.7,114.1
373,02/1/1998,168.4,178.4,108.5
374,03/1/1998,168.1,178.1,109.8
375,04/1/1998,167.8,177.8,109.9
376,05/1/1998,167.1,177.3,106.1
377,06/1/1998,166.7,177.1,100.7
378,07/1/1998,166.0,176.6,96.6
379,08/1/1998,166.0,176.5,97.5
380,09/1/1998,165.9,176.3,98.9
381,10/1/1998,164.8,175.7,87.7
382,11/1/1998,164.7,175.6,85.1
383,12/1/1998,164.7,175.6,86.7
384,01/1/1999,164.4,175.4,87.4
385,02/1/1999,164.1,174.8,89.4
386,03/1/1999,163.9,174.4,90.5
387,04/1/1999,163.5,174.2,89.7
388,05/1/1999,163.4,174.0,90.3
389,06/1/1999,163.2,173.5,92.3
390,07/1/1999,162.8,173.2,92.6
391,08/1/1999,162.6,172.9,91.2
392,09/1/1999,162.2,172.5,89.4
393,10/1/1999,162.0,172.2,91.7
394,11/1/1999,162.0,171.9,96.0
395,12/1/1999,162.0,171.6,99.4
396,01/1/2000,161.8,171.2,103.2
397,02/1/2000,161.7,170.8,104.4
398,03/1/2000,161.5,170.6,106.6
399,04/1/2000,161.2,170.2,108.7
400,05/1/2000,160.8,169.8,106.1
401,06/1/2000,160.4,169.7,101.2
402,07/1/2000,160.2,169.4,102.9
403,08/1/2000,159.9,169.2,101.4
404,09/1/2000,159.9,168.9,105.1
405,10/1/2000,159.8,168.4,108.6
406,11/1/2000,159.7,168.1,110.8
407,12/1/2000,159.4,167.8,110.6
408,01/1/2001,159.1,167.4,110.2
409,02/1/2001,158.7,167.2,107.2
410,03/1/2001,158.2,166.8,104.9
411,04/1/2001,157.7,166.5,104.4
412,05/1/2001,157.2,166.0,104.4
413,06/1/2001,157.0,165.7,106.1
414,07/1/2001,156.7,165.4,108.0
415,08/1/2001,156.4,165.0,109.7
416,09/1/2001,156.1,164.6,108.6
417,10/1/2001,155.5,164.4,104.0
418,11/1/2001,155.0,164.0,101.4
419,12/1/2001,154.7,163.7,101.3
420,01/1/2002,153.9,163.1,97.5
421,02/1/2002,153.7,163.0,95.8
422,03/1/2002,153.5,162.7,97.6
423,04/1/2002,153.1,162.2,98.1
424,05/1/2002,152.9,161.8,99.6
425,06/1/2002,152.6,161.4,101.2
426,07/1/2002,152.4,161.1,103.6
427,08/1/2002,152.1,160.7,101.6
428,09/1/2002,151.8,160.4,100.5
429,10/1/2002,151.2,159.9,100.2
430,11/1/2002,150.9,159.4,100.9
431,12/1/2002,150.5,159.0,100.9
432,01/1/2003,150.1,158.3,101.9
433,02/1/2003,149.8,158.2,102.1
434,03/1/2003,149.4,157.8,101.3
435,04/1/2003,149.3,157.5,101.8
436,05/1/2003,149.0,157.1,102.4
437,06/1/2003,148.4,156.7,97.8
438,07/1/2003,147.9,156.4,94.9
439,08/1/2003,147.5,155.9,93.9
440,09/1/2003,147.2,155.5,95.7
441,10/1/2003,147.1,155.3,95.8
442,11/1/2003,146.7,154.8,96.2
443,12/1/2003,146.3,154.5,94.6
444,01/1/2004,234.719,235.759,303.304
445,02/1/2004,234.1,235.359,297.183
446,03/1/2004,233.669,234.921,295.64
447,04/1/2004,233.544,234.7,297.39
448,05/1/2004,233.456,234.336,303.409
449,06/1/2004,232.9,233.88,298.754
450,07/1/2004,232.445,233.35,298.112
451,08/1/2004,231.893,232.996,293.131
452,09/1/2004,231.797,232.832,295.206
453,10/1/2004,232.282,232.794,310.442
454,11/1/2004,232.937,232.569,329.253
455,12/1/2004,231.679,232.229,306.734
456,01/1/2005,231.221,231.725,306.338
457,02/1/2005,231.249,231.33,315.264
458,03/1/2005,231.638,231.024,332.699
459,04/1/2005,231.015,230.659,326.789
460,05/1/2005,229.918,230.233,310.365
461,06/1/2005,228.59,229.97,287.505
462,07/1/2005,228.524,229.623,291.49
463,08/1/2005,228.713,229.224,303.692
464,09/1/2005,229.187,228.905,319.414
465,10/1/2005,228.807,228.478,319.198
466,11/1/2005,228.329,228.034,316.625
467,12/1/2005,227.842,227.877,306.17
468,01/1/2006,227.223,227.405,300.662
469,02/1/2006,227.169,226.899,308.587
470,03/1/2006,226.75,226.506,305.963
471,04/1/2006,226.597,226.118,309.168
472,05/1/2006,226.106,225.862,306.276
473,06/1/2006,225.395,225.218,304.901
474,07/1/2006,224.806,224.697,304.321
475,08/1/2006,224.806,224.175,314.859
476,09/1/2006,224.093,223.727,310.115
477,10/1/2006,223.046,223.454,294.915
478,11/1/2006,221.898,223.213,280.015
479,12/1/2006,221.187,222.803,275.816
480,01/1/2007,220.472,222.343,271.509
481,02/1/2007,219.59,222.149,256.596
482,03/1/2007,219.035,221.83,249.885
483,04/1/2007,218.275,221.711,235.661
484,05/1/2007,217.923,221.509,232.674
485,06/1/2007,217.605,221.363,229.026
486,07/1/2007,217.199,221.194,222.745
487,08/1/2007,217.29,220.962,227.765
488,09/1/2007,217.403,220.822,232.594
489,10/1/2007,217.353,220.783,233.103
490,11/1/2007,217.281,220.731,235.748
491,12/1/2007,217.488,220.633,242.036
492,01/1/2008,217.347,220.881,237.235
493,02/1/2008,217.234,220.666,238.246
494,03/1/2008,216.509,220.501,228.651
495,04/1/2008,215.861,219.92,226.214
496,05/1/2008,215.445,219.496,223.781
497,06/1/2008,214.726,219.263,211.649
498,07/1/2008,214.79,219.112,213.086
499,08/1/2008,213.022,218.904,177.057
500,09/1/2008,212.709,218.706,168.312
501,10/1/2008,212.495,218.253,166.814
502,11/1/2008,212.705,217.792,174.067
503,12/1/2008,211.933,217.346,160.815
504,01/1/2009,211.398,216.925,154.377
505,02/1/2009,213.153,216.947,191.822
506,03/1/2009,216.995,216.788,278.393
507,04/1/2009,218.877,216.713,321.466
508,05/1/2009,218.69,216.393,319.114
509,06/1/2009,219.016,215.965,334.055
510,07/1/2009,217.463,215.424,321.643
511,08/1/2009,215.208,214.936,289.883
512,09/1/2009,213.942,214.56,276.563
513,10/1/2009,213.448,214.42,279.234
514,11/1/2009,212.687,213.939,277.12
515,12/1/2009,212.174,213.771,273.485
516,01/1/2010,211.445,213.168,271.805
517,02/1/2010,210.834,212.66,268.067
518,03/1/2010,209.19,212.077,246.233
519,04/1/2010,208.547,211.554,244.482
520,05/1/2010,207.667,211.119,236.401
521,06/1/2010,207.603,210.773,242.158
522,07/1/2010,207.234,210.392,241.015
523,08/1/2010,206.755,210.058,240.407
524,09/1/2010,205.904,209.747,229.338
525,10/1/2010,205.288,209.418,222.804
526,11/1/2010,204.226,209.135,208.351
527,12/1/2010,203.437,208.6,205.361
528,01/1/2011,203.1,208.1,211.3
529,02/1/2011,202.0,207.8,195.0
530,03/1/2011,201.9,207.6,197.0
531,04/1/2011,202.8,207.2,221.3
532,05/1/2011,203.8,206.8,252.7
533,06/1/2011,202.9,206.3,245.3
534,07/1/2011,201.8,205.9,228.1
535,08/1/2011,201.3,205.4,227.5
536,09/1/2011,200.7,204.8,224.0
537,10/1/2011,199.7,204.3,208.3
538,11/1/2011,199.4,203.6,210.2
539,12/1/2011,199.3,203.2,213.2
540,01/1/2012,198.1,202.8,200.4
541,02/1/2012,198.1,202.5,202.0
542,03/1/2012,199.1,202.0,239.1
543,04/1/2012,198.8,201.3,251.0
544,05/1/2012,196.1,201.1,211.3
545,06/1/2012,194.9,200.9,190.6
546,07/1/2012,193.7,200.6,173.0
547,08/1/2012,193.6,200.5,171.9
548,09/1/2012,193.7,200.2,180.8
549,10/1/2012,193.1,200.1,177.5
550,11/1/2012,192.4,199.4,173.4
551,12/1/2012,191.6,199.0,166.9
552,01/1/2013,191.7,198.6,176.0
553,02/1/2013,191.7,198.3,179.2
554,03/1/2013,190.8,197.9,172.7
555,04/1/2013,189.8,197.5,161.3
556,05/1/2013,189.2,196.9,157.6
557,06/1/2013,189.1,196.8,158.2
558,07/1/2013,188.9,196.6,160.3
559,08/1/2013,188.2,196.2,154.6
560,09/1/2013,187.4,195.9,147.2
561,10/1/2013,187.1,195.5,151.2
562,11/1/2013,186.7,194.9,151.0
563,12/1/2013,186.3,194.6,148.3
564,01/1/2014,308.742,313.209,303.242
565,02/1/2014,308.024,312.349,304.982
566,03/1/2014,307.531,311.39,317.678
567,04/1/2014,307.288,310.644,332.019
568,05/1/2014,306.187,309.656,326.825
569,06/1/2014,304.628,308.945,301.784
570,07/1/2014,304.003,308.245,302.412
571,08/1/2014,303.365,307.646,300.042
572,09/1/2014,303.032,306.539,314.286
573,10/1/2014,301.744,305.112,305.708
574,11/1/2014,301.509,304.124,316.804
575,12/1/2014,300.356,302.709,313.215
576,01/1/2015,298.812,301.423,308.222
577,02/1/2015,298.648,300.292,333.999
578,03/1/2015,297.863,299.351,335.141
579,04/1/2015,296.341,298.284,322.713
580,05/1/2015,295.209,296.569,339.037
581,06/1/2015,294.977,295.055,378.082
582,07/1/2015,294.996,293.972,411.984
583,08/1/2015,291.359,292.072,373.18
584,09/1/2015,288.764,290.515,358.023
585,10/1/2015,287.553,289.041,370.978
586,11/1/2015,284.535,288.287,322.941
587,12/1/2015,282.39,286.811,307.114
588,01/1/2016,280.808,285.221,312.089
589,02/1/2016,278.799,283.393,302.783
590,03/1/2016,276.434,281.623,284.966
591,04/1/2016,273.887,279.71,273.321
592,05/1/2016,272.789,278.993,270.649
593,06/1/2016,271.994,278.612,263.835
594,07/1/2016,270.664,277.585,257.683
595,08/1/2016,268.452,275.494,251.062
596,09/1/2016,266.752,273.665,249.27
597,10/1/2016,264.91,271.461,251.459
598,11/1/2016,263.583,270.813,233.448
599,12/1/2016,262.518,270.422,217.944
600,01/1/2017,262.005,270.34,207.64
601,02/1/2017,260.895,269.967,191.456
602,03/1/2017,260.249,269.28,190.486
603,04/1/2017,259.951,268.9,192.669
604,05/1/2017,259.366,268.39,190.49
605,06/1/2017,258.408,267.373,186.943
606,07/1/2017,257.004,265.839,177.312
607,08/1/2017,255.848,265.461,160.74
608,09/1/2017,256.126,265.796,166.64
609,10/1/2017,258.15,267.068,206.071
610,11/1/2017,259.246,267.402,229.731
611,12/1/2017,258.906,266.698,236.879
612,01/1/2018,258.63,266.02,244.197
613,02/1/2018,257.879,265.548,236.924
614,03/1/2018,257.155,264.97,232.348
615,04/1/2018,256.43,264.388,228.23
616,05/1/2018,256.036,263.877,229.734
617,06/1/2018,255.802,263.28,235.098
618,07/1/2018,255.213,262.739,231.691
619,08/1/2018,255.296,262.217,242.557
620,09/1/2018,255.233,261.997,245.651
621,10/1/2018,254.277,261.567,230.013
622,11/1/2018,253.319,261.186,217.237
623,12/1/2018,252.561,260.766,208.73
624,01/1/2019,252.767,260.063,225.063
625,02/1/2019,252.594,259.439,238.309
626,03/1/2019,252.772,258.917,253.471
627,04/1/2019,252.182,258.368,250.369
628,05/1/2019,251.663,257.891,246.229
629,06/1/2019,251.214,257.699,241.377
630,07/1/2019,251.018,257.399,243.105
631,08/1/2019,250.792,257.145,242.344
632,09/1/2019,250.227,256.63,238.803
633,10/1/2019,249.577,256.271,231.325
634,11/1/2019,249.529,255.711,239.767
635,12/1/2019,248.859,255.204,235.325
636,01/1/2020,247.805,254.344,228.888
637,02/1/2020,247.284,253.816,228.908
638,03/1/2020,246.626,253.526,218.99
639,04/1/2020,246.435,252.812,228.252
640,05/1/2020,245.183,252.535,203.585
641,06/1/2020,244.243,251.985,191.889
642,07/1/2020,244.163,251.746,195.797
643,08/1/2020,244.004,251.43,197.848
644,09/1/2020,244.193,251.227,209.074
645,10/1/2020,243.892,250.944,210.69
646,11/1/2020,244.006,250.998,213.626
647,12/1/2020,243.618,250.467,217.892
648,01/1/2021,242.637,249.92,206.244
649,02/1/2021,242.026,249.481,199.22
650,03/1/2021,241.741,249.142,197.788
651,04/1/2021,241.176,248.842,189.766
652,05/1/2021,240.545,248.423,183.715
653,06/1/2021,240.101,247.829,185.486
654,07/1/2021,240.222,247.54,196.44
655,08/1/2021,239.557,247.137,187.627
656,09/1/2021,238.992,246.551,184.762
657,10/1/2021,238.08,245.913,175.164
658,11/1/2021,237.336,245.51,162.727
659,12/1/2021,237.652,244.955,181.445
660,01/1/2022,237.761,244.547,190.765
661,02/1/2022,238.017,244.241,198.984
662,03/1/2022,237.733,243.768,199.315
663,04/1/2022,237.498,243.316,201.935
664,05/1/2022,238.033,242.817,225.725
665,06/1/2022,238.034,242.565,231.775
666,07/1/2022,237.657,242.064,230.871
667,08/1/2022,237.001,241.688,225.281
668,09/1/2022,236.222,241.346,211.577
669,10/1/2022,235.976,240.755,214.684
670,11/1/2022,235.342,240.172,206.901
671,12/1/2022,234.747,239.811,199.553
672,01/1/2023,236.252,239.584,238.491
673,02/1/2023,236.983,239.458,262.282
674,03/1/2023,237.43,239.191,278.463
675,04/1/2023,237.477,238.786,287.003
676,05/1/2023,237.46,238.405,294.803
677,06/1/2023,237.498,238.195,299.785
678,07/1/2023,237.231,237.837,302.293
679,08/1/2023,236.918,237.529,301.296
680,09/1/2023,236.468,237.072,305.367
681,10/1/2023,236.028,236.625,300.141
682,11/1/2023,235.547,236.185,305.007
683,12/1/2023,235.288,235.961,308.4
684,01/1/2024,313.049,318.346,294.968
685,02/1/2024,313.225,318.14,306.599
686,03/1/2024,313.207,317.622,318.186
687,04/1/2024,312.23,316.698,309.587
688,05/1/2024,311.054,315.565,304.302
689,06/1/2024,309.685,314.438,293.287
